{"src": [-2.5, 0.55, 2.0], "hr_pts": [[0.0, 0.0, 0.0], [0.1, 0.0, 0.0], [0.0, 0.1, 0.0], [0.1, 0.1, 0.0]], "recs": [[0.5, 0.0, 0.03], [0.5, 1.01, 0.03], [0.5, 0.0, 1.04], [0.5, 1.01, 1.04], [0.0, 0.5, 0.03], [1.01, 0.5, 0.03], [0.0, 0.5, 1.04], [1.01, 0.5, 1.04]], "pressures": [0.042144001318558486, 0.03621555824453844, -0.011466479244013388, -0.01710799003932119, -0.04444982204759376, 0.03389764252253807, 0.04283904268970609, 0.03808472614930973], "nr": [0.01, 0.01, 0.01, 0.01], "nl": [0.0339575498000762, 0.0339575498000762, 0.0339575498000762, 0.0339575498000762], "br": [0.035, 0.035, 0.035, 0.035], "bl": [0.06, 0.06, 0.06, 0.06]}